/*
TEAM 21
MILESTONE 2
Jessi Lanum
*/
-- Generated by Oracle SQL Developer Data Modeler 18.1.0.082.1041
--   at:        2019-04-09 11:51:48 BOT
--   site:      Oracle Database 11g
--   type:      Oracle Database 11g

/*
LITTLE BOBBY DROP TABLES
*/
DROP TABLE DEPARTMENT CASCADE CONSTRAINTS;
DROP TABLE EMPLOYEE CASCADE CONSTRAINTS;
DROP TABLE CONSULTATION CASCADE CONSTRAINTS;
DROP TABLE CONSULTATIONFEE CASCADE CONSTRAINTS;
DROP TABLE CUSTOMER CASCADE CONSTRAINTS;
DROP TABLE INVOICE CASCADE CONSTRAINTS;
DROP TABLE PRODUCT CASCADE CONSTRAINTS;
DROP TABLE INVOICELINE CASCADE CONSTRAINTS;
DROP TABLE SHIPPER CASCADE CONSTRAINTS;
DROP TABLE SHIPPED CASCADE CONSTRAINTS;
DROP TABLE RETURN CASCADE CONSTRAINTS;
DROP TABLE SUPPLIER CASCADE CONSTRAINTS;
DROP TABLE RETURNSUPPLIER CASCADE CONSTRAINTS;
DROP TABLE BANK CASCADE CONSTRAINTS;
DROP TABLE BANKACCOUNT CASCADE CONSTRAINTS;
DROP TABLE SUPPLIEDPART CASCADE CONSTRAINTS;

/*
CREATING TABLES
*/
CREATE TABLE bank (
    bank_id         VARCHAR2(5 BYTE) NOT NULL,
    bank_name       VARCHAR2(25 CHAR),
    bank_location   VARCHAR2(25 CHAR),
    bank_creditor   VARCHAR2(25 CHAR),
    bank_currency   VARCHAR2(25 CHAR)
);

ALTER TABLE bank ADD CONSTRAINT bank_pk PRIMARY KEY ( bank_id );

CREATE TABLE bankaccount (
    bank_acc_num                   VARCHAR2(5 BYTE) NOT NULL,
    bank_bank_id                   VARCHAR2(5 BYTE) NOT NULL,
    bank_account_description       VARCHAR2(25 CHAR),
    bank_account_balance           NUMBER(6,2),
    bank_account_overdraft_limit   NUMBER(6,2)
);

ALTER TABLE bankaccount ADD CONSTRAINT bankaccount_pk PRIMARY KEY ( bank_acc_num );

CREATE TABLE consultation (
    consultation_code                   VARCHAR2(5 BYTE) NOT NULL,
    employee_employee_id                VARCHAR2(5 BYTE) NOT NULL,
    consultation_date                   DATE,
    consultation_status                 VARCHAR2(25 CHAR),  
    consultation_recom_products         VARCHAR2(25 CHAR),
    consultation_restrictions           VARCHAR2(25 CHAR),
    consultation_comments               VARCHAR2(25 CHAR)
);

ALTER TABLE consultation ADD CONSTRAINT consultation_pk PRIMARY KEY ( consultation_code );

CREATE TABLE consultationfee (
    consultation_consultation_code    VARCHAR2(5 BYTE) NOT NULL,
    consultation_fee_date             DATE NOT NULL,
    consultation_fee_amount           NUMBER(6,2),  
    consultation_fee_pay_meth         VARCHAR2(25 CHAR),
    consultation_fee_comments         VARCHAR2(25 CHAR),
    consultation_fee_agreement        VARCHAR2(25 CHAR)
);

ALTER TABLE consultationfee ADD CONSTRAINT consultationfee_pk PRIMARY KEY ( consultation_consultation_code,
                                                                            consultation_fee_date );

CREATE TABLE customer (
    customer_id                      VARCHAR2(5 BYTE) NOT NULL,
    consultation_consultation_code   VARCHAR2(5 BYTE) NOT NULL,
    customer_first_name              VARCHAR2(25 CHAR),
    customer_last_name               VARCHAR2(25 CHAR),
    customer_city                    VARCHAR2(25 CHAR),
    customer_state                   VARCHAR2(25 CHAR),
    customer_zip_code                VARCHAR2(25 CHAR),
    customer_address                 VARCHAR2(25 CHAR),
    customer_phone_number            VARCHAR2(10 BYTE),
    customer_email_address           VARCHAR2(25 CHAR)
);

ALTER TABLE customer ADD CONSTRAINT customer_pk PRIMARY KEY ( customer_id );

CREATE TABLE department (
    department_id            VARCHAR2(5 BYTE) NOT NULL,
    department_name          VARCHAR2(28 CHAR),
    department_location      VARCHAR2(25 CHAR),
    department_contact       VARCHAR2(25 CHAR),
    department_description   VARCHAR2(25 CHAR),
    department_budget        NUMBER(6,2)
);

ALTER TABLE department ADD CONSTRAINT department_pk PRIMARY KEY ( department_id );

CREATE TABLE employee (
    employee_id                VARCHAR2(5 BYTE) NOT NULL,
    department_department_id   VARCHAR2(5 BYTE) NOT NULL,
    employee_first_name        VARCHAR2(25 CHAR),
    employee_last_name         VARCHAR2(25 CHAR),
    employee_hire_date         DATE,
    employee_release_date      DATE,
    employee_birth_date        DATE,
    employee_phone_number      VARCHAR2(10 BYTE),
    employee_email_address     VARCHAR2(25 CHAR),
    employee_salary            NUMBER(6,2),
    employee_position          VARCHAR2(25 CHAR)
);

ALTER TABLE employee ADD CONSTRAINT employee_pk PRIMARY KEY ( employee_id );

CREATE TABLE invoice (
    invoice_id               VARCHAR2(5 BYTE) NOT NULL,
    customer_customer_id     VARCHAR2(5 BYTE) NOT NULL,
    invoice_date             DATE,
    invoice_amount_due       NUMBER(6,2),
    invoice_amount_paid      NUMBER(6,2),
    invoice_payment_status   VARCHAR2(25 CHAR),
    invoice_billing_info     VARCHAR2(50 CHAR),
    invoice_comments         VARCHAR2(25 CHAR)
);

ALTER TABLE invoice ADD CONSTRAINT invoice_pk PRIMARY KEY ( invoice_id );

CREATE TABLE invoiceline (
    product_product_id            VARCHAR2(5 BYTE) NOT NULL,
    invoice_invoice_id            VARCHAR2(5 BYTE) NOT NULL,
    invoiceline_unitprice         NUMBER(6,2),
    invoiceline_quantity          NUMBER(6,2),
    invoiceline_comments          VARCHAR2(25 CHAR),
    invoiceline_transactiondate   DATE,
    invoiceline_totalprice        NUMBER(6,2),
    invoiceline_subtotal          NUMBER(6,2),
    invoiceline_discount          NUMBER(6,2)
);

ALTER TABLE invoiceline ADD CONSTRAINT invoiceline_pk PRIMARY KEY ( product_product_id,
                                                                    invoice_invoice_id );

CREATE TABLE product (
    product_id               VARCHAR2(5 BYTE) NOT NULL,
    product_description      VARCHAR2(25 CHAR),
    product_unit_price       NUMBER(6,2),
    product_units_stocked    NUMBER(6,2),
    product_units_ordered    NUMBER(6,2),
    product_catalog_number   NUMBER(6,2),
    product_weight           NUMBER(6,2),
    product_stock            NUMBER(6,2),
    product_material         VARCHAR2(25 CHAR)
);

ALTER TABLE product ADD CONSTRAINT product_pk PRIMARY KEY ( product_id );

CREATE TABLE return (
    return_id                        VARCHAR2(5 BYTE) NOT NULL,
    customer_customer_id             VARCHAR2(5 BYTE) NOT NULL,
    invoiceline_product_product_id   VARCHAR2(5 BYTE),
    invoiceline_invoice_invoice_id   VARCHAR2(5 BYTE),
    return_description               VARCHAR2(25 CHAR),
    return_date                      DATE,
    return_condition                 VARCHAR2(25 CHAR),
    return_policy                    VARCHAR2(25 CHAR),
    return_reimbursement             NUMBER(6,2)
);

ALTER TABLE return ADD CONSTRAINT return_pk PRIMARY KEY ( return_id );

CREATE TABLE returnsupplier (
    return_return_id               VARCHAR2(5 BYTE) NOT NULL,
    supplier_supplier_id           VARCHAR2(5 BYTE) NOT NULL,
    return_supplier_date           DATE NOT NULL,
    return_supplier_confirmation   VARCHAR2(25 CHAR),
    return_supplier_restockfee     NUMBER(6,2),
    return_supplier_daystoreturn   DATE
);

ALTER TABLE returnsupplier
    ADD CONSTRAINT returnsupplier_pk PRIMARY KEY ( return_return_id,
                                                   supplier_supplier_id,
                                                   return_supplier_date );

CREATE TABLE shipped (
    shipper_shipper_id               VARCHAR2(5 BYTE) NOT NULL,
    invoiceline_product_product_id   VARCHAR2(5 BYTE) NOT NULL,
    invoiceline_invoice_invoice_id   VARCHAR2(5 BYTE) NOT NULL,
    shipped_date                     DATE NOT NULL,
    shipped_address                  VARCHAR2(25 CHAR),
    shipped_confirmation             VARCHAR2(25 CHAR),
    shipped_catalognumber            NUMBER(6,2),
    shipped_status                   VARCHAR2(25 CHAR),
    shipped_type                     VARCHAR2(25 CHAR),
    shipped_freight                  NUMBER(6,2),
    shipped_weight                   NUMBER(6,2)
);

ALTER TABLE shipped
    ADD CONSTRAINT shipped_pk PRIMARY KEY ( shipper_shipper_id,
                                            invoiceline_product_product_id,
                                            invoiceline_invoice_invoice_id,
                                            shipped_date );

CREATE TABLE shipper (
    shipper_id              VARCHAR2(5 BYTE) NOT NULL,
    shipper_first_name      VARCHAR2(25 CHAR),
    shipper_last_name       VARCHAR2(25 CHAR),
    shipper_hired_date      DATE,
    shipper_release_date    DATE,
    shipper_phone_number    VARCHAR2(10 BYTE),
    shipper_email_address   VARCHAR2(25 CHAR),
    shipper_salary          NUMBER(6,2)
);

ALTER TABLE shipper ADD CONSTRAINT shipper_pk PRIMARY KEY ( shipper_id );

CREATE TABLE suppliedpart (
    supplier_supplier_id              VARCHAR2(5 BYTE) NOT NULL,
    product_product_id                VARCHAR2(5 BYTE) NOT NULL,
    supplied_part_date                DATE NOT NULL,  
    bankaccount_bank_acc_num          VARCHAR2(5 BYTE) NOT NULL,
    supplied_part_quantity            NUMBER(6,2),
    supplied_part_unitsinstock        NUMBER(6,2),
    supplied_parts_catalognumber      NUMBER(6,2),
    supplier_parts_weight             NUMBER(6,2),
    supplied_parts_priceperunit       NUMBER(6,2)
);

ALTER TABLE suppliedpart
    ADD CONSTRAINT suppliedpart_pk PRIMARY KEY ( supplier_supplier_id,
                                                 product_product_id,
                                                 supplied_part_date );

CREATE TABLE supplier (
    supplier_id              VARCHAR2(5 BYTE) NOT NULL,
    supplier_company_name    VARCHAR2(25 CHAR),
    supplier_first_name      VARCHAR2(25 CHAR),
    supplier_last_name       VARCHAR2(25 CHAR),
    supplier_hired_date      DATE,
    supplier_release_date    DATE,
    supplier_phone_number    VARCHAR2(10 BYTE),
    supplier_email_address   VARCHAR2(25 CHAR),
    supplier_salary          NUMBER(6,2)
);

ALTER TABLE supplier ADD CONSTRAINT supplier_pk PRIMARY KEY ( supplier_id );

/*
FOREIGN KEY SECTION
*/
ALTER TABLE bankaccount
    ADD CONSTRAINT bankaccount_bank_fk FOREIGN KEY ( bank_bank_id )
        REFERENCES bank ( bank_id );

ALTER TABLE consultation
    ADD CONSTRAINT consultation_employee_fk FOREIGN KEY ( employee_employee_id )
        REFERENCES employee ( employee_id );

ALTER TABLE consultationfee
    ADD CONSTRAINT consultationfee_consult_fk FOREIGN KEY ( consultation_consultation_code )
        REFERENCES consultation ( consultation_code );

ALTER TABLE customer
    ADD CONSTRAINT customer_consultation_fk FOREIGN KEY ( consultation_consultation_code )
        REFERENCES consultation ( consultation_code );

ALTER TABLE employee
    ADD CONSTRAINT employee_department_fk FOREIGN KEY ( department_department_id )
        REFERENCES department ( department_id );

ALTER TABLE invoice
    ADD CONSTRAINT invoice_customer_fk FOREIGN KEY ( customer_customer_id )
        REFERENCES customer ( customer_id );

ALTER TABLE invoiceline
    ADD CONSTRAINT invoiceline_invoice_fk FOREIGN KEY ( invoice_invoice_id )
        REFERENCES invoice ( invoice_id );

ALTER TABLE invoiceline
    ADD CONSTRAINT invoiceline_product_fk FOREIGN KEY ( product_product_id )
        REFERENCES product ( product_id );

ALTER TABLE return
    ADD CONSTRAINT return_customer_fk FOREIGN KEY ( customer_customer_id )
        REFERENCES customer ( customer_id );

ALTER TABLE return
    ADD CONSTRAINT return_invoiceline_fk FOREIGN KEY ( invoiceline_product_product_id,
                                                       invoiceline_invoice_invoice_id )
        REFERENCES invoiceline ( product_product_id,
                                 invoice_invoice_id );

ALTER TABLE returnsupplier
    ADD CONSTRAINT returnsupplier_return_fk FOREIGN KEY ( return_return_id )
        REFERENCES return ( return_id );

ALTER TABLE returnsupplier
    ADD CONSTRAINT returnsupplier_supplier_fk FOREIGN KEY ( supplier_supplier_id )
        REFERENCES supplier ( supplier_id );

ALTER TABLE shipped
    ADD CONSTRAINT shipped_invoiceline_fk FOREIGN KEY ( invoiceline_product_product_id,
                                                        invoiceline_invoice_invoice_id )
        REFERENCES invoiceline ( product_product_id,
                                 invoice_invoice_id );

ALTER TABLE shipped
    ADD CONSTRAINT shipped_shipper_fk FOREIGN KEY ( shipper_shipper_id )
        REFERENCES shipper ( shipper_id );

ALTER TABLE suppliedpart
    ADD CONSTRAINT suppliedpart_bankaccount_fk FOREIGN KEY ( bankaccount_bank_acc_num )
        REFERENCES bankaccount ( bank_acc_num );

ALTER TABLE suppliedpart
    ADD CONSTRAINT suppliedpart_product_fk FOREIGN KEY ( product_product_id )
        REFERENCES product ( product_id );

ALTER TABLE suppliedpart
    ADD CONSTRAINT suppliedpart_supplier_fk FOREIGN KEY ( supplier_supplier_id )
        REFERENCES supplier ( supplier_id );

/*
INSERTING DATA
*/
--BANK INSERT
INSERT INTO BANK (BANK_ID,BANK_NAME,BANK_LOCATION,BANK_CREDITOR,BANK_CURRENCY) 
VALUES ('00001','JP Morgan Chase','New York','JPMC','USD');
INSERT INTO BANK VALUES ('00002','Bank of America','Los Angeles','BofA','USD');
INSERT INTO BANK VALUES ('00003','Citigroup','Atlanta','Citi','USD');
INSERT INTO BANK VALUES ('00004','Wells Fargo','Seattle','WF','USD');
INSERT INTO BANK VALUES ('00005','Goldman Sachs','Tampa','GoldSachs','USD');
INSERT INTO BANK VALUES ('00006','Royal Bank of Canada','Montreal','RoyalCanada','CAD');
INSERT INTO BANK VALUES ('00007','European Central Bank','Frankfurt','EUBank','EUR');
INSERT INTO BANK VALUES ('00008','Gazprombank','Novosibirsk','Gazpro','RUB');
INSERT INTO BANK VALUES ('00009','Rosbank','Saint Petersburg','RosRU','RUB');
INSERT INTO BANK VALUES ('00010','Bank of Moscow','Moscow','BofM','RUB');

--BANKACCOUNT INSERT
INSERT INTO BANKACCOUNT (BANK_ACC_NUM,BANK_BANK_ID, BANK_ACCOUNT_DESCRIPTION,BANK_ACCOUNT_BALANCE,BANK_ACCOUNT_OVERDRAFT_LIMIT) 
VALUES ('10000','00004','NASA Research',9000.00,9.00);
INSERT INTO BANKACCOUNT VALUES ('20000','00004','NASA Development',8000.00,8.00);
INSERT INTO BANKACCOUNT VALUES ('30000','00002','NASA Marketing',7000.00,7.00);
INSERT INTO BANKACCOUNT VALUES ('40000','00001','NASA Aeronautics',600.00,6.00);
INSERT INTO BANKACCOUNT VALUES ('50000','00001','NASA Mathematics',500.00,5.00);
INSERT INTO BANKACCOUNT VALUES ('60000','00006','CSA Research',1000.00,10.00);
INSERT INTO BANKACCOUNT VALUES ('70000','00007','ESA Research',1000.00,100.00);
INSERT INTO BANKACCOUNT VALUES ('80000','00010','Roscosmos Research',9000.00,9.00);
INSERT INTO BANKACCOUNT VALUES ('90000','00009','Roscosmos Development',8000.00,8.00);
INSERT INTO BANKACCOUNT VALUES ('11000','00008','Roscosmos Marketing',7000.00,7.00);

--DEPARTMENT INSERT
INSERT INTO DEPARTMENT (DEPARTMENT_ID, DEPARTMENT_NAME, DEPARTMENT_LOCATION, DEPARTMENT_CONTACT, DEPARTMENT_DESCRIPTION, DEPARTMENT_BUDGET) 
VALUES ('00001','NASA Rocketry','NASA Ames','Jim Bridenstine','NASA Rocketry HQ',4000.00);
INSERT INTO DEPARTMENT VALUES ('00002','NASA Propulsion','NASA Goddard','Jim Bridenstine','NASA Propulsion HQ',4000.00);
INSERT INTO DEPARTMENT VALUES ('00003','NASA Safety','NASA Johnson','Jim Bridenstine','NASA Safety HQ',4000.00);
INSERT INTO DEPARTMENT VALUES ('00004','NASA Astronaut Office','NASA Katherine Johnson','Jim Bridenstine','NASA Astro HQ',4000.00);
INSERT INTO DEPARTMENT VALUES ('00005','CSA Astronaut Office','Chapman Space Center','Sylvain Laporte','CS Astro HQ',4000.00);
INSERT INTO DEPARTMENT VALUES ('00006','ESA Astronaut Office','ESOC Germany','Johann-Dietrich Wörner','ESA Astro HQ',4000.00);
INSERT INTO DEPARTMENT VALUES ('00007','Roscosmos Soyuz','Baikonur Cosmodrome','Yuri Koptev','ROSCOSMOS Soyuz HQ',4000.00);
INSERT INTO DEPARTMENT VALUES ('00008','Roscosmos Safety','ROSCOSMOS Moscow','Yuri Koptev','ROSCOSMOS Saf HQ',4000.00);
INSERT INTO DEPARTMENT VALUES ('00009','Roscosmos Cosmonaut Office','ROSCOSMOS Moscow','Yuri Koptev','ROSCOSMOS Cosmo HQ',4000.00);
INSERT INTO DEPARTMENT VALUES ('00010','Roscosmos Propulsion','Vostochny Cosmodrome','Yuri Koptev','Roscosmos Prop HQ',4000.00);

--EMPLOYEE INSERT
INSERT INTO EMPLOYEE (EMPLOYEE_ID, DEPARTMENT_DEPARTMENT_ID, EMPLOYEE_FIRST_NAME, EMPLOYEE_LAST_NAME, EMPLOYEE_HIRE_DATE, EMPLOYEE_RELEASE_DATE, EMPLOYEE_BIRTH_DATE, EMPLOYEE_PHONE_NUMBER, EMPLOYEE_EMAIL_ADDRESS, EMPLOYEE_SALARY, EMPLOYEE_POSITION) 
VALUES ('00001','00004','Anne','McClain','01-JAN-2018','01-JAN-2030','04-AUG-1973','1231231234','amclain@nasa.gov',1000.00,'Astronaut');
INSERT INTO EMPLOYEE VALUES ('00002','00007','Oleg','Kononenko','02-JAN-2018','02-JAN-2030','04-JAN-1983','3214321321','okononenko@roscosmos.ru',1000.00,'Cosmonaut');
INSERT INTO EMPLOYEE VALUES ('00003','00006','David','Saint-Jacques','03-JAN-2018','03-JAN-2030','31-DEC-1976','1231231234','dsj@csa.ca',1000.00,'Astronaut');
INSERT INTO EMPLOYEE VALUES ('00004','00009','Sergey','Prokopyev','04-JAN-2018','04-JAN-2030','01-MAR-1971','3214321321','sprokopyev@roscosmos.ru',1000.00,'Cosmonaut');
INSERT INTO EMPLOYEE VALUES ('00005','00006','Serena','Aunon-Chancellor','05-JAN-2018','05-JAN-2030','22-NOV-1966','1231231234','sac@esa.eu',1000.00,'Astronaut');
INSERT INTO EMPLOYEE VALUES ('00006','00003','Alexander','Gerse','06-JAN-2018','06-JAN-2030','30-SEP-1955','3214321321','agerse@nasa.gov',1000.00,'Astronaut');
INSERT INTO EMPLOYEE VALUES ('00007','00002','Christina','Koch','07-JAN-2018','07-JAN-2030','15-FEB-1964','1231231234','ckoch@nasa.gov',1000.00,'Astronaut');
INSERT INTO EMPLOYEE VALUES ('00008','00009','Aleksandr','Vladimirovich','08-JAN-2018','08-JAN-2030','18-APR-1960','3214321321','avlad@roscosmos.ru',1000.00,'Cosmonaut');
INSERT INTO EMPLOYEE VALUES ('00009','00001','Jeremy','Roger','09-JAN-2018','09-JAN-2030','11-FEB-1961','1231231234','jroger@nasa.gov',1000.00,'Astronaut');
INSERT INTO EMPLOYEE VALUES ('00010','00004','Nicole','Mann','10-JAN-2018','10-JAN-2030','04-MAR-1955','3214321321','nmann@nasa.gov',1000.00,'Astronaut');

--CONSULTATION INSERT
INSERT INTO CONSULTATION (CONSULTATION_CODE, EMPLOYEE_EMPLOYEE_ID, CONSULTATION_DATE,CONSULTATION_STATUS,CONSULTATION_RECOM_PRODUCTS,CONSULTATION_RESTRICTIONS,CONSULTATION_COMMENTS) 
VALUES ('01234','00010','01-JAN-2016','Resolved','Small EVA Suit','Sizing Charts Necessary','ASAP');
INSERT INTO CONSULTATION VALUES ('12345','00005','05-FEB-2017','Current','Medium EVA Suit','Sizing Charts Necessary','ASAP');
INSERT INTO CONSULTATION VALUES ('23456','00002','10-MAR-2018','Current','Nylon Parachute Lines','None','Reroute to Cape Canaveral');
INSERT INTO CONSULTATION VALUES ('34567','00007','15-APR-2019','Scheduled','Oxidizer Meter','Soyuz Regulations','Baikanur Ship');
INSERT INTO CONSULTATION VALUES ('45678','00009','20-JUN-2015','Resolved','Test Tubes','None','None');
INSERT INTO CONSULTATION VALUES ('56789','00002','25-JUL-2014','Resolved','Velcro Strips','NASA Fire Grade','None');
INSERT INTO CONSULTATION VALUES ('67890','00001','30-AUG-2016','Resolved','Visor Defog Solvent','CSA Inspection Standards','Needed before 03/04/2017');
INSERT INTO CONSULTATION VALUES ('78901','00008','01-SEP-2017','Current','CO2 Scrubber (Large)','None','ASAP');
INSERT INTO CONSULTATION VALUES ('89012','00005','05-NOV-2018','Current','CO2 Scrubber (Medium)','None','Check for warranty');
INSERT INTO CONSULTATION VALUES ('90123','00010','10-DEC-2019','Scheduled','Reinforced Carabiner','None','None');

--CONSULTATIONFEE INSERT
INSERT INTO CONSULTATIONFEE (CONSULTATION_CONSULTATION_CODE, CONSULTATION_FEE_DATE, CONSULTATION_FEE_AMOUNT, CONSULTATION_FEE_PAY_METH, CONSULTATION_FEE_COMMENTS,CONSULTATION_FEE_AGREEMENT) 
VALUES ('01234','10-DEC-2019',123.12,'Wire Transfer','Contact ESA and Roscosmos','Waiting Signatures');
INSERT INTO CONSULTATIONFEE VALUES ('23456','05-NOV-2018',143.17,'Wire Transfer','None','Signed');
INSERT INTO CONSULTATIONFEE VALUES ('78901','01-SEP-2017',153.18,'Wire Transfer','None','Signed');
INSERT INTO CONSULTATIONFEE VALUES ('34567','30-AUG-2016',163.19,'Wire Transfer','Resolved','Signed');
INSERT INTO CONSULTATIONFEE VALUES ('67890','25-JUL-2014',173.10,'Wire Transfer','Resolved','Signed');
INSERT INTO CONSULTATIONFEE VALUES ('23456','20-JUN-2015',183.12,'Wire Transfer','Resolved','Signed');
INSERT INTO CONSULTATIONFEE VALUES ('45678','15-APR-2019',193.14,'Wire Transfer','Contact NASA for details','Waiting Signatures');
INSERT INTO CONSULTATIONFEE VALUES ('45678','10-MAR-2018',223.16,'Wire Transfer','None','Signed');
INSERT INTO CONSULTATIONFEE VALUES ('23456','05-FEB-2017',323.13,'Wire Transfer','None','Signed');
INSERT INTO CONSULTATIONFEE VALUES ('90123','01-JAN-2016',423.11,'Wire Transfer','None','Signed');

--CUSTOMER INSERT
INSERT INTO CUSTOMER (CUSTOMER_ID, CONSULTATION_CONSULTATION_CODE, CUSTOMER_FIRST_NAME, CUSTOMER_LAST_NAME, CUSTOMER_CITY, CUSTOMER_STATE, CUSTOMER_ZIP_CODE, CUSTOMER_ADDRESS, CUSTOMER_PHONE_NUMBER, CUSTOMER_EMAIL_ADDRESS) 
VALUES ('00001','56789','Yuri','Gagarin','Baikonur','Kazakhstan','00000','Vostok 1','1231231234','ygagarin@roscosmos.ru');
INSERT INTO CUSTOMER VALUES ('00002','90123','Alan','Shepard','Cape Canaveral','Florida','32920','Freedom 7','3214321321','ashpard@nasa.gov');
INSERT INTO CUSTOMER VALUES ('00003','78901','Gus','Grissom','Cape Canaveral','Florida','32920','Liberty Bell 7','3214321321','ggrissom@nasa.gov');
INSERT INTO CUSTOMER VALUES ('00004','45678','Gherman','Titov','Baikonur','Kazakhstan','00000','Vostok 2','1231231234','gtitov@roscosmos.ru');
INSERT INTO CUSTOMER VALUES ('00005','23456','John','Glen','Cape Canaveral','Florida','32920','Friendship 7','3214321321','jglenn@nasa.gov');
INSERT INTO CUSTOMER VALUES ('00006','12345','Scott','Carpenter','Cape Canaveral','Florida','32920','Aurora 7','3214321321','scarpenter@nasa.gov');
INSERT INTO CUSTOMER VALUES ('00007','78901','Andriyan','Nikolayev','Baikonur','Kazakhstan','00000','Vostok 3','1231231234','anikolayev@roscosmos.ru');
INSERT INTO CUSTOMER VALUES ('00008','01234','Pavel','Popovich','Baikonur','Kazakhstan','00000','Vostok 4','1231231234','ppopovich@roscosmos.ru');
INSERT INTO CUSTOMER VALUES ('00009','78901','Walter','Schirra','Cape Canaveral','Florida','32920','Sigma 7','3214321321','wschirra@nasa.gov');
INSERT INTO CUSTOMER VALUES ('00010','01234','Gordon','Cooper','Cape Canaveral','Florida','32920','Faith 7','3214321321','gcooper@nasa.gov');

--INVOICE INSERT
INSERT INTO INVOICE (INVOICE_ID, CUSTOMER_CUSTOMER_ID, INVOICE_DATE, INVOICE_AMOUNT_DUE, INVOICE_AMOUNT_PAID, INVOICE_PAYMENT_STATUS, INVOICE_BILLING_INFO, INVOICE_COMMENTS) 
VALUES ('00001','00005','01-JAN-2019',100.34,234.99,'Continuing','Installment','Joint Collab');
INSERT INTO INVOICE VALUES ('00002','00005','01-FEB-2018',10.34,634.99,'Continuing','Installment','None');
INSERT INTO INVOICE VALUES ('00003','00004','01-MAR-2017',00.00,1000.00,'Completed','One Time Payment','None');
INSERT INTO INVOICE VALUES ('00004','00007','01-APR-2019',100.00,100.00,'Continuing','Installment','None');
INSERT INTO INVOICE VALUES ('00005','00001','01-MAY-2018',101.34,254.99,'Continuing','Installment','None');
INSERT INTO INVOICE VALUES ('00006','00009','01-JUN-2017',200.56,114.89,'Continuing','Installment','Fundraiser');
INSERT INTO INVOICE VALUES ('00007','00006','01-JUL-2016',100.98,3674.00,'Continuing','Installment','None');
INSERT INTO INVOICE VALUES ('00008','00002','01-AUG-2015',5010.34,244.22,'Continuing','Installment','None');
INSERT INTO INVOICE VALUES ('00009','00010','01-SEP-2014',4560.66,200.00,'Continuing','Installment','Outside Donor');
INSERT INTO INVOICE VALUES ('00010','00001','01-OCT-2013',3340.12,00.00,'Continuing','Installment','None');

--PRODUCT INSERT
INSERT INTO PRODUCT (PRODUCT_ID, PRODUCT_DESCRIPTION, PRODUCT_UNIT_PRICE, PRODUCT_UNITS_STOCKED, PRODUCT_UNITS_ORDERED, PRODUCT_CATALOG_NUMBER, PRODUCT_WEIGHT, PRODUCT_STOCK, PRODUCT_MATERIAL) 
VALUES ('10000','EVA Suit (Medium)',600.45,3,2,7,60.45,56,'Mixed');
INSERT INTO PRODUCT VALUES ('11000','EVA Suit (Large)',800.45,3,2,8,60.45,56,'Mixed');
INSERT INTO PRODUCT VALUES ('11100','Parachute Lines',30.12,3,2,12,60.45,56,'Nylon');
INSERT INTO PRODUCT VALUES ('11110','Test Tubes',2.00,3,2,34,60.45,56,'Plastic');
INSERT INTO PRODUCT VALUES ('11111','Velcro Strips',00.45,3,2,77,60.45,56,'Velcro');
INSERT INTO PRODUCT VALUES ('12000','Defog Solvent',40.45,3,2,23,60.45,56,'Mixed Chemicals');
INSERT INTO PRODUCT VALUES ('12200','CO2 Scrubber (Large)',9987.45,3,2,11,60.45,56,'Mixed');
INSERT INTO PRODUCT VALUES ('12220','CO2 Scrubber (Medium)',9964.45,3,2,2,60.45,56,'Mixed');
INSERT INTO PRODUCT VALUES ('12222','Carabiner Clips',1.00,3,2,66,60.45,56,'Metals');
INSERT INTO PRODUCT VALUES ('13000','Oxidizer Meter',650.45,3,2,99,60.45,56,'Electronics');

--INVOICELINE INSERT
INSERT INTO INVOICELINE (PRODUCT_PRODUCT_ID, INVOICE_INVOICE_ID, INVOICELINE_UNITPRICE, INVOICELINE_QUANTITY, INVOICELINE_COMMENTS, INVOICELINE_TRANSACTIONDATE, INVOICELINE_TOTALPRICE, INVOICELINE_SUBTOTAL, INVOICELINE_DISCOUNT) 
VALUES ('13000','00002',45.34,500,'None','01-JAN-2019',100.45,98.76,NULL);
INSERT INTO INVOICELINE VALUES ('11000','00005',405.34,100,'None','01-JAN-2018',1000.03,998.22,NULL);
INSERT INTO INVOICELINE VALUES ('11110','00003',4.00,1000,'Warranty','01-JAN-2017',100.45,98.76,00.45);
INSERT INTO INVOICELINE VALUES ('11111','00006',200.40,500,'None','01-JAN-2016',100.45,98.76,NULL);
INSERT INTO INVOICELINE VALUES ('12000','00009',3.34,10,'None','01-JAN-2015',100.45,98.76,NULL);
INSERT INTO INVOICELINE VALUES ('11100','00005',7000.14,2,'Warranty','01-JAN-2014',100.45,98.76,00.20);
INSERT INTO INVOICELINE VALUES ('12220','00002',98.87,20,'None','01-JAN-2019',100.45,98.76,NULL);
INSERT INTO INVOICELINE VALUES ('12000','00001',28.55,72,'Warranty','01-JAN-2018',100.45,98.76,00.12);
INSERT INTO INVOICELINE VALUES ('12222','00001',45.34,46,'None','01-JAN-2017',100.45,98.76,NULL);
INSERT INTO INVOICELINE VALUES ('10000','00010',8904.98,1,'None','01-JAN-2016',100.45,98.76,00.32);

--SUPPLIER INSERT
INSERT INTO SUPPLIER (SUPPLIER_ID, SUPPLIER_COMPANY_NAME, SUPPLIER_FIRST_NAME, SUPPLIER_LAST_NAME, SUPPLIER_HIRED_DATE, SUPPLIER_RELEASE_DATE, SUPPLIER_PHONE_NUMBER, SUPPLIER_EMAIL_ADDRESS, SUPPLIER_SALARY)
VALUES ('00001','Apollo 7','R','Cunningham','23-JAN-2014','23-JAN-2033','1231231234','rcunningham@marines.mil',450.00);
INSERT INTO SUPPLIER VALUES ('00002','Apollo 13','Fred','Haise','23-JAN-2014','23-JAN-2033','3214321321','fhaise@marines.mil',450.00);
INSERT INTO SUPPLIER VALUES ('00003','Skylab 3','Jack','Lousma','30-AUG-2016','30-AUG-2033','1231231234','jlousma@marines.mil',450.00);
INSERT INTO SUPPLIER VALUES ('00004','Skylab 4','Gerald','Carr','30-AUG-2016','30-AUG-2033','3214321321','gcarr@marines.mil',450.00);
INSERT INTO SUPPLIER VALUES ('00005','Apollo-Soyuz','Vance','Brand','08-APR-2019','08-APR-2033','1231231234','vbrand@marines.mil',450.00);
INSERT INTO SUPPLIER VALUES ('00006','Skylab 2','F','Musgrave','08-APR-2019','08-APR-2033','3214321321','fmusgrave@marines.mil',450.00);
INSERT INTO SUPPLIER VALUES ('00007','STS-51','David','Hilmers','19-MAR-2018','19-MAR-2033','1231231234','dhilmers@marines.mil',450.00);
INSERT INTO SUPPLIER VALUES ('00008','STS-61','Bryan','OConnor','19-MAR-2018','19-MAR-2033','3214321321','boconnor@marines.mil',450.00);
INSERT INTO SUPPLIER VALUES ('00009','STS-41','Robert','Cabana','03-SEP-2016','03-SEP-2033','1231231234','rcabana@marines.mil',450.00);
INSERT INTO SUPPLIER VALUES ('00010','STS-84','Carlos','Noriega','03-SEP-2016','03-SEP-2033','3214321321','cnoriega@marines.mil',450.00);

--SHIPPER INSERT
INSERT INTO SHIPPER (SHIPPER_ID, SHIPPER_FIRST_NAME, SHIPPER_LAST_NAME, SHIPPER_HIRED_DATE, SHIPPER_RELEASE_DATE, SHIPPER_PHONE_NUMBER, SHIPPER_EMAIL_ADDRESS, SHIPPER_SALARY)
VALUES ('00001','Joseph','Acaba','23-JAN-2014','23-JAN-2033','1231231234','jacaba@testpilot.gov',450.00);
INSERT INTO SHIPPER VALUES ('00002','Loren','Acton','23-JAN-2014','23-JAN-2033','3214321321','lacton@testpilot.gov',450.00);
INSERT INTO SHIPPER VALUES ('00003','Mike','Adams','30-AUG-2016','30-AUG-2033','1231231234','madams@testpilot.gov',450.00);
INSERT INTO SHIPPER VALUES ('00004','James','Adamson','30-AUG-2016','30-AUG-2033','3214321321','jadamson@testpilot.gov',450.00);
INSERT INTO SHIPPER VALUES ('00005','Viktor','Afanasyev','08-APR-2019','08-APR-2033','1231231234','vafanasyev@testpilot.ru',450.00);
INSERT INTO SHIPPER VALUES ('00006','Aydyn','Aimbetov','08-APR-2019','08-APR-2033','3214321321','aaimbetov@testpilot.kz',450.00);
INSERT INTO SHIPPER VALUES ('00007','Vladimir','Aksyonov','19-MAR-2018','19-MAR-2033','1231231234','vaksyonov@testpilot.ru',450.00);
INSERT INTO SHIPPER VALUES ('00008','Aleksandar','Aleksandrov','19-MAR-2018','19-MAR-2033','3214321321','aaleksandrov@testpilot.ru',450.00);
INSERT INTO SHIPPER VALUES ('00009','Andrew','Allen','03-SEP-2016','03-SEP-2033','1231231234','aallen@testpilot.gov',450.00);
INSERT INTO SHIPPER VALUES ('00010','Chuck','Yeager','03-SEP-2016','03-SEP-2033','3214321321','cyeager@testpilot.gov',1000.00);

--SUPPLIEDPART INSERT
INSERT INTO SUPPLIEDPART (SUPPLIER_SUPPLIER_ID, PRODUCT_PRODUCT_ID, SUPPLIED_PART_DATE, BANKACCOUNT_BANK_ACC_NUM, SUPPLIED_PART_QUANTITY, SUPPLIED_PART_UNITSINSTOCK, SUPPLIED_PARTS_CATALOGNUMBER, SUPPLIER_PARTS_WEIGHT, SUPPLIED_PARTS_PRICEPERUNIT)
VALUES ('00002','10000','03-SEP-2016','30000',5,8,01,13.56,55.67);
INSERT INTO SUPPLIEDPART VALUES ('00010','13000','08-APR-2019','80000',5,8,02,13.56,66.78);
INSERT INTO SUPPLIEDPART VALUES ('00007','11100','08-APR-2019','50000',98,10,03,56.88,12.34);
INSERT INTO SUPPLIEDPART VALUES ('00002','11100','30-AUG-2016','20000',5,12,04,13.56,11.11);
INSERT INTO SUPPLIEDPART VALUES ('00001','12220','03-SEP-2016','20000',44,88,05,13.56,567.54);
INSERT INTO SUPPLIEDPART VALUES ('00003','12200','23-JAN-2014','40000',5,45,06,22.22,33.45);
INSERT INTO SUPPLIEDPART VALUES ('00007','11111','19-MAR-2018','50000',2,33,07,13.56,99.99);
INSERT INTO SUPPLIEDPART VALUES ('00008','11110','19-MAR-2018','80000',5,77,08,567.55,02.45);
INSERT INTO SUPPLIEDPART VALUES ('00009','11111','08-APR-2019','30000',5,99,09,66.44,00.33);
INSERT INTO SUPPLIEDPART VALUES ('00010','11000','03-SEP-2016','10000',1,8,10,11.34,59.34);

--RETURN INSERT
INSERT INTO RETURN (RETURN_ID, CUSTOMER_CUSTOMER_ID, INVOICELINE_PRODUCT_PRODUCT_ID, INVOICELINE_INVOICE_INVOICE_ID, RETURN_DESCRIPTION, RETURN_DATE, RETURN_CONDITION, RETURN_POLICY, RETURN_REIMBURSEMENT)
VALUES ('00001','00005','10000','00010','Faulty','23-JAN-2014','Poor','AA-45',400.33);
INSERT INTO RETURN VALUES ('00002','00007','11111','00006','Faulty','23-JAN-2014','Poor','AA-45',40.35);
INSERT INTO RETURN VALUES ('00003','00005','13000','00002','Wrong Item','30-AUG-2016','New','AA-02',10.12);
INSERT INTO RETURN VALUES ('00004','00003','13000','00002','Faulty','01-MAY-2018','Poor','AA-45',600.00);
INSERT INTO RETURN VALUES ('00005','00001','10000','00010','Accidental Order','12-JUN-2015','New','AA-77',560.39);
INSERT INTO RETURN VALUES ('00006','00002','11110','00003','Faulty','08-APR-2019','Poor','AA-45',573.68);
INSERT INTO RETURN VALUES ('00007','00008','11000','00005','Wrong Item','12-NOV-2017','New','AA-02',00.00);
INSERT INTO RETURN VALUES ('00008','00001','11110','00003','Faulty','03-SEP-2016','Poor','AA-45',474.48);
INSERT INTO RETURN VALUES ('00009','00004','12000','00009','Faulty','04-SEP-2017','Poor','AA-45',2222.34);
INSERT INTO RETURN VALUES ('00010','00005','12000','00009','Wrong Item','19-MAR-2018','New','AA-02',484.34);

--RETURNSUPPLIER INSERT
INSERT INTO RETURNSUPPLIER (RETURN_RETURN_ID, SUPPLIER_SUPPLIER_ID, RETURN_SUPPLIER_DATE, RETURN_SUPPLIER_CONFIRMATION, RETURN_SUPPLIER_RESTOCKFEE, RETURN_SUPPLIER_DAYSTORETURN)
VALUES ('00004','00004','23-JAN-2014','Approved',104.56,'30-JAN-2014');
INSERT INTO RETURNSUPPLIER VALUES ('00010','00010','30-AUG-2016','Approved',104.56,'02-NOV-2016');
INSERT INTO RETURNSUPPLIER VALUES ('00007','00001','08-APR-2019','Approved',104.56,'08-DEC-2019');
INSERT INTO RETURNSUPPLIER VALUES ('00004','00002','03-SEP-2016','Approved',104.56,'30-JAN-2017');
INSERT INTO RETURNSUPPLIER VALUES ('00002','00002','03-SEP-2016','Approved',104.56,'04-DEC-2016');
INSERT INTO RETURNSUPPLIER VALUES ('00008','00004','23-JAN-2014','Approved',104.56,'30-JAN-2014');
INSERT INTO RETURNSUPPLIER VALUES ('00006','00009','23-JAN-2014','Approved',104.56,'08-DEC-2019');
INSERT INTO RETURNSUPPLIER VALUES ('00009','00008','19-MAR-2018','Approved',104.56,'12-JUN-2018');
INSERT INTO RETURNSUPPLIER VALUES ('00005','00007','19-MAR-2018','Approved',104.56,'12-JUN-2018');
INSERT INTO RETURNSUPPLIER VALUES ('00010','00003','08-APR-2019','Approved',104.56,'08-DEC-2019');


--SHIPPED INSERT
INSERT INTO SHIPPED (SHIPPER_SHIPPER_ID, INVOICELINE_PRODUCT_PRODUCT_ID, INVOICELINE_INVOICE_INVOICE_ID, SHIPPED_DATE, SHIPPED_ADDRESS, SHIPPED_CONFIRMATION, SHIPPED_CATALOGNUMBER, SHIPPED_STATUS, SHIPPED_TYPE, SHIPPED_FREIGHT, SHIPPED_WEIGHT)
VALUES ('00007','11111','00006','23-JAN-2014','NASA Goddard','Shipped',9,'Recieved','Express',45,87.43);
INSERT INTO SHIPPED VALUES ('00010','13000','00002','30-AUG-2016','NASA Ames','Shipped',8,'Recieved','Express',12,87.43);
INSERT INTO SHIPPED VALUES ('00007','13000','00002','08-APR-2019','ESA HQ','Shipped',7,'Transit','Express',55,07.43);
INSERT INTO SHIPPED VALUES ('00010','10000','00010','03-SEP-2016','ROSCOSMOS','Shipped',6,'Recieved','Express',39,08.43);
INSERT INTO SHIPPED VALUES ('00005','12000','00009','19-MAR-2018','NASA Goddard','Shipped',5,'Recieved','Express',22,807.36);
INSERT INTO SHIPPED VALUES ('00008','12000','00009','08-APR-2019','NASA Johnson','Not Yet Shipped',4,'Pending','Express',55,345.43);
INSERT INTO SHIPPED VALUES ('00007','11111','00006','03-SEP-2016','NASA Johnson','Shipped',3,'Recieved','Express',98,111.29);
INSERT INTO SHIPPED VALUES ('00006','11110','00003','23-JAN-2014','Baikonur Cosmodrome','Shipped',2,'Recieved','Express',44,485.45);
INSERT INTO SHIPPED VALUES ('00002','10000','00010','19-MAR-2018','CSA HQ','Shipped',1,'Recieved','Express',31,492.43);
INSERT INTO SHIPPED VALUES ('00005','10000','00010','08-APR-2019','ESA HQ','Shipped',0,'Transit','Express',42,9999.13);

/*
SUMMARY
*/
-- Oracle SQL Developer Data Modeler Summary Report: 
-- 
-- CREATE TABLE                            16
-- CREATE INDEX                             0
-- ALTER TABLE                             33
-- CREATE VIEW                              0
-- ALTER VIEW                               0
-- CREATE PACKAGE                           0
-- CREATE PACKAGE BODY                      0
-- CREATE PROCEDURE                         0
-- CREATE FUNCTION                          0
-- CREATE TRIGGER                           0
-- ALTER TRIGGER                            0
-- CREATE COLLECTION TYPE                   0
-- CREATE STRUCTURED TYPE                   0
-- CREATE STRUCTURED TYPE BODY              0
-- CREATE CLUSTER                           0
-- CREATE CONTEXT                           0
-- CREATE DATABASE                          0
-- CREATE DIMENSION                         0
-- CREATE DIRECTORY                         0
-- CREATE DISK GROUP                        0
-- CREATE ROLE                              0
-- CREATE ROLLBACK SEGMENT                  0
-- CREATE SEQUENCE                          0
-- CREATE MATERIALIZED VIEW                 0
-- CREATE SYNONYM                           0
-- CREATE TABLESPACE                        0
-- CREATE USER                              0
-- 
-- DROP TABLESPACE                          0
-- DROP DATABASE                            0
-- 
-- REDACTION POLICY                         0
-- 
-- ORDS DROP SCHEMA                         0
-- ORDS ENABLE SCHEMA                       0
-- ORDS ENABLE OBJECT                       0
-- 
-- ERRORS                                   0
-- WARNINGS                                 0
